{"graph_0": {"_type": "graph-file", "sha256": "7b51710f9ee9ca7d56ca94286da1797fa296ce5ea313c761b19d258dc0808035", "size": 3443, "path": "media/graph/graph_0_summary_7b51710f9ee9ca7d56ca.graph.json"}, "train/g_loss": 0.7099918723106384, "train/d_loss": 0.6927347183227539, "epoch": 0, "trainer/global_step": 49, "_timestamp": 1669216207, "_runtime": 9, "_step": 0, "_wandb": {"runtime": 8}}